Workbook

Sheet Bestiário
A1: Bestiário do Ato I — Culto ao Baiacu Rei
A2: Proposta de inimigos do Ato I (fauna selvagem, humanos e Povo da Raiz). Nomes provisórios. Nº = número no Códex do jogo.
A4: Nº | B4: Nome | C4: Categoria | D4: Tipo | E4: Onde aparece | F4: Papel no combate | G4: Base na engine | H4: Arte | I4: Descrição (Códex) | J4: Notas e sementes
A5: 0001 | B5: Gosma de Musgo | C5: Comum | D5: Fauna | E5: Prólogo (Estrada da Costa); Mata da Clareira; Pomar Abandonado | F5: Bando que persegue pulando | G5: slime | H5: Já existe | I5: Uma bolha de gel verde-azulado com um tufo de musgo na cabeça. Vaga pela mata aos pulinhos e salta em cima de quem chega perto. Sozinha é frágil e lenta; o perigo é que quase nunca anda sozinha. | J5: Já cadastrada no Códex (branch codex).
A6: 0002 | B6: Lobo-de-Capim | C6: Comum | D6: Fauna | E6: Mata da Clareira; Toca das Bestas; Estrada dos Peregrinos; Pedras Riscadas; horda da Fera | F6: Caça em matilha, cerca pelos lados | G6: wolf (sprite pronto; comportamento a fazer) | H6: Sprite pronto | I6: Lobos magros com pelagem de folhas verde-escuras, que caçam em silêncio no capim alto. Nunca atacam de frente: um chama a atenção enquanto os outros fecham o cerco. | J6: Dá couro e osso (nó Toca das Bestas). Base da Mãe-Cinza. Sprite pronto na branch Mobs: docs/design/baiacu/assets/lobo-de-capim.png.
A7: 0003 | B7: Cobra-do-Junco | C7: Comum | D7: Fauna | E7: Riacho dos Juncos; Marco de Raízes; A Ruína do Peixe | F7: Emboscada: escondida, dá o bote | G7: novo | H7: Novo | I7: Uma cobra comprida que se confunde com os juncos da margem. Espera imóvel por horas e dá o bote em quem pisa perto demais da água. | J7: Opcional se for preciso cortar arte (manter o Siri).
A8: 0004 | B8: Siri-de-Pedra | C8: Comum | D8: Fauna | E8: Riacho dos Juncos; Pedreira da Encosta; A Ruína do Peixe | F8: Guarda frontal: precisa ser flanqueado | G8: novo (mecânica de guarda frontal) | H8: Novo | I8: Um siri do tamanho de um escudo, com a carapaça grossa como rocha. Os pescadores da costa dizem que ele sobe o riacho seguindo o cheiro de sal. | J8: Semente leve: aparece onde houve sal (Ruína do Peixe). Ensina a flanquear antes da Fera.
A9: 0005 | B9: Morcego-das-Fendas | C9: Comum | D9: Fauna | E9: Pedreira da Encosta; Gruta das Runas; A Ruína do Peixe | F9: Voador em revoada | G9: bat (renomear o "Morcego de Brasa") | H9: Já existe | I9: Vive nas rachaduras da pedreira e sai em revoada ao menor barulho. Sozinho é inofensivo; em bando, é uma nuvem de dentes. | J9: Trocar a paleta de brasa por tons de pedra.
A10: 0006 | B10: Javali Couro-de-Ferro | C10: Comum | D10: Fauna | E10: Toca das Bestas; Pomar Abandonado; Pedras Riscadas; horda da Fera | F10: Pesado que dá investidas | G10: boar | H10: Já existe | I10: Um javali de couro tão duro que lâmina ruim só arranha. Quando abaixa a cabeça e raspa a pata no chão, é hora de sair da frente.
A11: 0007 | B11: Saqueador da Estrada | C11: Comum | D11: Humano | E11: Acampamento de Saqueadores; Estrada dos Peregrinos; Fumaça na Serra (credores do Odo) | F11: Corpo a corpo que circula | G11: goblin (corpo humanoide, nova pintura) | H11: Reaproveita | I11: Desertores e ladrões que vivem de assaltar quem passa pelas trilhas. Lutam sujo, em grupo, e somem no mato quando a luta vira. | J11: Carrega a moeda estrangeira (F10).
A12: 0008 | B12: Besteiro Saqueador | C12: Comum | D12: Humano | E12: Acampamento de Saqueadores; Estrada dos Peregrinos; Fumaça na Serra | F12: À distância, mantém distância | G12: archer (corpo humanoide, nova pintura) | H12: Reaproveita | I12: Saqueador que prefere atirar de longe, atrás de cercas e carroças tombadas. A besta é velha, mas o virote acerta.
A13: 0009 | B13: Batedor da Raiz | C13: Especial | D13: Povo da Raiz | E13: Marco de Raízes (QP07) | F13: Luta rápida: foge com pouca vida | G13: novo (humanoide) | H13: Novo | I13: Um guerreiro do povo daqui, rápido e leve, pintado com terra e seiva. Ataca, recua e some entre as raízes, mas nunca fere quem já está caído. | J13: Nunca morre no Ato I: registra no Códex ao fugir (regra nova). Nome provisório sugerido: Tarum.
A14: 0010 | B14: Mãe-Cinza, a Matriarca da Toca | C14: Chefe (opcional) | D14: Fauna | E14: Toca das Bestas (QS09) | F14: Chama Lobos-de-Capim em ondas | G14: Lobo-de-Capim ampliado | H14: Novo | I14: A loba mais velha da toca, grande como um cavalo pequeno e com uma orelha rasgada. Onde ela uiva, a matilha inteira responde. | J14: Couro raro vira troféu do canto do cavaleiro (QS07).
A15: 0011 | B15: Duas-Moedas, chefe dos saqueadores | C15: Chefe (opcional) | D15: Humano | E15: Acampamento de Saqueadores (QS06) | F15: Chefe humano de bando | G15: goblin ou archer, maior | H15: Reaproveita | I15: O chefe dos saqueadores, que morde cada moeda que rouba e guarda só as estrangeiras. Ninguém sabe de onde ele as tira. | J15: Espelho torto do Tobias Meia-Moeda; maior portador da semente F10 (colônia rival).
A16: 0012 | B16: A Fera Maculada | C16: Chefe (principal) | D16: Fauna corrompida | E16: Covil da Fera Maculada (QP09); defesa do acampamento (EV02, C09) | F16: Bote com mordida; golpe de cauda (preparo e chicotada); inflar de baiacu (todos os espinhos eriçados, corpo inchado) | G16: fera (iguana gigante, 64×64, tamanho do Coração de Brasa) | H16: Sprite pronto | I16: Uma iguana gigante da serra, tomada pelo veneno do Rei Baiacu. Cristais de sal rompem o dorso, a crista é de espinhos de baiacu e os olhos brilham como o mar à noite. Quando ameaçada, ela se infla e eriça cada espinho. | J16: Antes "Fera Salgada". Forma decidida: iguana gigante (sprite na branch Mobs: docs/design/baiacu/assets/fera-maculada.png). Horda: Lobos e Javalis. Fragmento F07.

Sheet Por nó
A1: Inimigos por nó do atlas
A2: Marque X onde o inimigo aparece. As contagens se atualizam sozinhas.
A4: Nó do atlas | B4: 0001 Gosma de Musgo | C4: 0002 Lobo-de-Capim | D4: 0003 Cobra-do-Junco | E4: 0004 Siri-de-Pedra | F4: 0005 Morcego-das-Fendas | G4: 0006 Javali Couro-de-Ferro | H4: 0007 Saqueador da Estrada | I4: 0008 Besteiro Saqueador | J4: 0009 Batedor da Raiz | K4: 0010 Mãe-Cinza | L4: 0011 Duas-Moedas | M4: 0012 A Fera Maculada | N4: Tipos no nó
A5: Mata da Clareira | B5: X | C5: X | N5: =COUNTIF(B5:M5,"X") -> 2
A6: Riacho dos Juncos | D6: X | E6: X | N6: =COUNTIF(B6:M6,"X") -> 2
A7: Pedreira da Encosta | E7: X | F7: X | N7: =COUNTIF(B7:M7,"X") -> 2
A8: Toca das Bestas | C8: X | G8: X | K8: X | N8: =COUNTIF(B8:M8,"X") -> 3
A9: Fumaça na Serra | H9: X | I9: X | N9: =COUNTIF(B9:M9,"X") -> 2
A10: Estrada dos Peregrinos | C10: X | H10: X | I10: X | N10: =COUNTIF(B10:M10,"X") -> 3
A11: Pomar Abandonado | B11: X | G11: X | N11: =COUNTIF(B11:M11,"X") -> 2
A12: Pedras Riscadas | C12: X | G12: X | N12: =COUNTIF(B12:M12,"X") -> 2
A13: Acampamento de Saqueadores | H13: X | I13: X | L13: X | N13: =COUNTIF(B13:M13,"X") -> 3
A14: Marco de Raízes | D14: X | J14: X | N14: =COUNTIF(B14:M14,"X") -> 2
A15: Gruta das Runas | F15: X | N15: =COUNTIF(B15:M15,"X") -> 1
A16: A Ruína do Peixe | D16: X | E16: X | F16: X | N16: =COUNTIF(B16:M16,"X") -> 3
A17: Covil da Fera Maculada | C17: X | G17: X | M17: X | N17: =COUNTIF(B17:M17,"X") -> 3
A18: Nós em que aparece | B18: =COUNTIF(B5:B17,"X") -> 2 | C18: =COUNTIF(C5:C17,"X") -> 5 | D18: =COUNTIF(D5:D17,"X") -> 3 | E18: =COUNTIF(E5:E17,"X") -> 3 | F18: =COUNTIF(F5:F17,"X") -> 3 | G18: =COUNTIF(G5:G17,"X") -> 4 | H18: =COUNTIF(H5:H17,"X") -> 3 | I18: =COUNTIF(I5:I17,"X") -> 3 | ... M18: =COUNTIF(M5:M17,"X") -> 1
A20: Fonte: proposta feita a partir da Bíblia Narrativa e do Caderno do Ato I (atlas de 12 nós + Gruta das Runas, nó 13).

Sheet Resumo
A1: Resumo
A3: Total de entradas no Códex | B3: =COUNTA(Bestiário!A5:A64) -> 12
A4: Inimigos comuns | B4: =COUNTIF(Bestiário!C5:C64,"Comum") -> 8
A5: Encontros especiais | B5: =COUNTIF(Bestiário!C5:C64,"Especial") -> 1
A6: Chefes opcionais | B6: =COUNTIF(Bestiário!C5:C64,"Chefe (opcional)") -> 2
A7: Chefe principal | B7: =COUNTIF(Bestiário!C5:C64,"Chefe (principal)") -> 1
A9: Arte: já existe na engine | B9: =COUNTIF(Bestiário!H5:H64,"Já existe") -> 3
A10: Arte: reaproveita corpo existente | B10: =COUNTIF(Bestiário!H5:H64,"Reaproveita") -> 3
A11: Arte: sprite pronto (falta o comportamento) | B11: =COUNTIF(Bestiário!H5:H64,"Sprite pronto") -> 2
A12: Arte: sprite novo a fazer | B12: =COUNTIF(Bestiário!H5:H64,"Novo") -> 4
A15: Como editar
A16: • Bestiário: uma linha por inimigo. Categoria e Arte têm listas de opções; o resto é texto livre.
A17: • Novo inimigo: preencha uma linha nova no fim da tabela do Bestiário e uma coluna no "Por nó", se quiser a matriz.
A18: • Por nó: marque X nas células onde o inimigo aparece; as contagens se recalculam.
A19: • Nº segue o Códex do jogo (0001 já está implementado). "A Fera Maculada" era "A Fera Salgada".
